x,y,yerr-,yerr+
P11,0.251751073,0.009299285,0.009511039
P10,0.190105311,0.00842583,0.008678582
P01,0.193093115,0.008481258,0.008731469
P00,0.3650505,0.010847033,0.010949329