x,y,yerr-,yerr+
P11,0.273309776,0.009846992,0.010053799
P10,0.081148471,0.006018368,0.0063833
P01,0.078884668,0.00594449,0.006311402
P00,0.566657085,0.012497664,0.012449571