x,y,yerr,,,,
0.05,0.965010949,5.54E-07,,,,
0.1,0.964992266,1.52E-06,,,,
0.25,0.964847369,5.43E-06,,,,
0.5,0.964399574,1.73E-05,,,,
0.75,0.963795301,2.47788E-05,,,, 
1,0.96310937,3.51618E-05,,,, 
1.25,0.962604191,4.4052E-05,,,, 
1.5,0.961984352,5.15855E-05,,,,
1.75,0.961665387,6.26491E-05,,,,
2,0.960714104,0.000178769,,,, 
2.25,0.960161405,0.000233102,,,, 
2.5,0.959928086,0.000250557,,,, 
2.75,0.956119375,0.000666503,,,, 
3,0.955362396,0.000584006,,,,
3.25,0.95182463,0.000881096,,,,
3.5,0.950656287,0.000865497,,,,
3.75,0.945777761,0.001271718,,,,
4,0.945464868,0.001186313,,,, 
,,,,,,
,,,,,,
,,,,,,
,,,,,,
,,,,,,
,,,,,, 
,,,,,, 
,,,,,, 
,,,,,,
,,,,,,
,,,,,, 
,,,,,,
,,,,,,
,,,,,,
,,,,,,
,,,,,, 
,,,,,,
,,,,,,
,,,,,,
,,,,,,
,,,,,,
,,,,,,
,,,,,,
,,,,,,
,,,,,,
,,,,,, 
,,,,,,
,,,,,, 
,,,,,,
,,,,,, 
,,,,,,
,,,,,,
,,,,,,
,,,,,,
,,,,,,
,,,,,, 
,,,,,,
,,,,,,
,,,,,,
,,,,,,
,,,,,,
,,,,,,
,,,,,,
,,,,,,
,,,,,,
,,,,,, 