x,y,yerr-,yerr+
P11,0.273309776,0.009846992,0.010053799
P10,0.080016569,0.010461666,0.010524059
P01,0.080016569,0.010461666,0.010524059
P00,0.566657085,0.018891424,0.018928222