x,y,yerr,,,,
0.05,0.977744497,4.71E-07,,,,
0.1,0.977710464,1.52E-06,,,,
0.25,0.977453717,7.79E-06,,,,
0.5,0.976712347,2.73E-05,,,,
0.75,0.975833223,3.38435E-05,,,, 
1,0.974939867,4.7947E-05,,,, 
1.25,0.974226991,0.00012922,,,, 
1.5,0.9734319,0.000161324,,,,
1.75,0.972178071,0.000331967,,,,
2,0.969908753,0.000478191,,,, 
2.25,0.967900767,0.000660654,,,, 
2.5,0.966598963,0.000653458,,,, 
2.75,0.959345889,0.001191795,,,, 
3,0.954214137,0.001325742,,,,
3.25,0.948422629,0.001557417,,,,
3.5,0.941900679,0.001965076,,,,
3.75,0.934078656,0.001736108,,,,
4,0.931918781,0.001999068,,,, 
,,,,,,
,,,,,,
,,,,,,
,,,,,,
,,,,,,
,,,,,, 
,,,,,, 
,,,,,, 
,,,,,,
,,,,,,
,,,,,, 
,,,,,,
,,,,,,
,,,,,,
,,,,,,
,,,,,, 
,,,,,,
,,,,,,
,,,,,,
,,,,,,
,,,,,,
,,,,,,
,,,,,,
,,,,,,
,,,,,,
,,,,,, 
,,,,,,
,,,,,, 
,,,,,,
,,,,,, 
,,,,,,
,,,,,,
,,,,,,
,,,,,,
,,,,,,
,,,,,, 
,,,,,,
,,,,,,
,,,,,,
,,,,,,
,,,,,,
,,,,,,
,,,,,,
,,,,,,
,,,,,,
,,,,,, 