x,xerr,y,yerr
11.82258499,0.51173168,0.864,0.025
16.76253834,1.07771398,0.804,0.024