x,y,yerr,,,,
0.05,0.984772677,2.51E-07,,,,
0.1,0.984753565,8.33E-07,,,,
0.25,0.984603801,4.80E-06,,,,
0.5,0.984134157,1.89E-05,,,,
0.75,0.983507279,2.57884E-05,,,, 
1,0.982798588,3.64763E-05,,,, 
1.25,0.982282941,4.34453E-05,,,, 
1.5,0.981647708,4.92443E-05,,,,
1.75,0.981334481,6.05696E-05,,,,
2,0.980388792,0.000179803,,,, 
2.25,0.979855431,0.000236393,,,, 
2.5,0.979626475,0.000256241,,,, 
2.75,0.975815317,0.000681545,,,, 
3,0.975097555,0.000597724,,,,
3.25,0.9715563,0.000905159,,,,
3.5,0.970440021,0.000886242,,,,
3.75,0.965534006,0.001309485,,,,
4,0.965253501,0.001220934,,,, 
,,,,,,
,,,,,,
,,,,,,
,,,,,,
,,,,,,
,,,,,, 
,,,,,, 
,,,,,, 
,,,,,,
,,,,,,
,,,,,, 
,,,,,,
,,,,,,
,,,,,,
,,,,,,
,,,,,, 
,,,,,,
,,,,,,
,,,,,,
,,,,,,
,,,,,,
,,,,,,
,,,,,,
,,,,,,
,,,,,,
,,,,,, 
,,,,,,
,,,,,, 
,,,,,,
,,,,,, 
,,,,,,
,,,,,,
,,,,,,
,,,,,,
,,,,,,
,,,,,, 
,,,,,,
,,,,,,
,,,,,,
,,,,,,
,,,,,,
,,,,,,
,,,,,,
,,,,,,
,,,,,,
,,,,,, 