x,y,yerr,,,,
0.0111335,0.94845246, 4.3795502008195475*^-7], ,,,
0.556677,0.947533091, 0.000028602046265075082], ,,,
1.11335,0.945624749, 0.00008033448169148109], ,,,
1.67003,0.943654462, 0.00012753955829465543], ,,,
2.22671,0.941941654, 0.00016470545143881007], ,,, 
2.78338,0.939030009, 0.0003419616987461594], ,,, 
3.34006,0.935379548, 0.0006151796681031463], ,,, 
3.89674,0.930458525, 0.0009359711617921029], ,,,
4.45342,0.926352554, 0.0009474934047893196], ,,,
,,,,,, 
,,,,,, 
,,,,,, 
,,,,,, 
,,,,,,
,,,,,,
,,,,,,
,,,,,,
,,,,,, 
,,,,,,
,,,,,,
,,,,,,
,,,,,,
,,,,,,
,,,,,, 
,,,,,, 
,,,,,, 
,,,,,,
,,,,,,
,,,,,, 
,,,,,,
,,,,,,
,,,,,,
,,,,,,
,,,,,, 
,,,,,,
,,,,,,
,,,,,,
,,,,,,
,,,,,,
,,,,,,
,,,,,,
,,,,,,
,,,,,,
,,,,,, 
,,,,,,
,,,,,, 
,,,,,,
,,,,,, 
,,,,,,
,,,,,,
,,,,,,
,,,,,,
,,,,,,
,,,,,, 
,,,,,,
,,,,,,
,,,,,,
,,,,,,
,,,,,,
,,,,,,
,,,,,,
,,,,,,
,,,,,,
,,,,,, 