# temp, dmrg_ub, dmrg_lb, fgr_ub,  fgr_lb    (from J. Phys. Chem. Lett. 2020, 11, 4930−4936 Fig. 2)
200, 68.41359773371104, 63.31444759206799, 96.45892351274787, 89.37677053824362
250, 55.66572237960341, 50.566572237960344, 73.51274787535411, 66.43059490084985
300, 48.583569405099155, 43.48441926345609, 58.4985835694051, 51.69971671388102
350, 40.65155807365437, 35.552407932011334, 48.583569405099155, 41.5014164305949
400, 36.11898016997165, 31.019830028328613, 41.5014164305949, 34.702549575070805